id,nombre,titulo,archivo,codigo_hash
CERT-001,José Gabriel López Pantoja,Experiencia de aula significativa en Etnomatemática: una ruta metodológica aplicada para el diálogo de saberes en los resguardos indígenas de Mueses y Mallama,CERT-001_Jos_Gabriel_Lpez_Pantoja.pdf,d8d80ec1490e996f55fa43fcbf5a9076f0ddb2ee89776b9a675ede8fe1116db4
CERT-002,Adriana Rubiela Charfuelán Mueses,Experiencia de aula significativa en Etnomatemática: una ruta metodológica aplicada para el diálogo de saberes en los resguardos indígenas de Mueses y Mallama,CERT-002_Adriana_Rubiela_Charfueln_Mueses.pdf,f6f2c2f41378e6bef3b5822522409cd8515ebaa7f79c49f19aa049c86394d012
CERT-003,Açucena Araújo Martins,La contextualización de la enseñanza en la Educación Matemática: una categoría emergente de las justificaciones docentes para la práctica interdisciplinaria,CERT-003_Aucena_Arajo_Martins.pdf,75e55c43787e269d5fcac57e42b3f27207d98028a22f4405ed8cd5f8c4a9e977
CERT-004,Eduardo Silva Palmeira,La contextualización de la enseñanza en la Educación Matemática: una categoría emergente de las justificaciones docentes para la práctica interdisciplinaria,CERT-004_Eduardo_Silva_Palmeira.pdf,46718820cf6f7219fb55e2fc58cb4515c9d6cb7352df0a35993c8c08be398dbd
CERT-005,Douglas Alves Pimentel,La contextualización de la enseñanza en la Educación Matemática: una categoría emergente de las justificaciones docentes para la práctica interdisciplinaria,CERT-005_Douglas_Alves_Pimentel.pdf,e804a88d734c12df2e14940ea1e717ffb5a47f8c263731a0694132aadd64465b
CERT-006,Raiane Sena de Souza,La contextualización de la enseñanza en la Educación Matemática: una categoría emergente de las justificaciones docentes para la práctica interdisciplinaria,CERT-006_Raiane_Sena_de_Souza.pdf,d8f149657e2d97bbbe42d8c14b0f04b5537791cb8c7cc8859222779e807963b3
CERT-007,Yurleysi Arboleda Caicedo,Dimensiones de la Etnomatemática y la formación futuros de docentes de matemáticas: una propuesta de reconfiguración epistemológica del saber matemático en futuros docentes de matemáticas,CERT-007_Yurleysi_Arboleda_Caicedo.pdf,ccaa42887b80fef907158d5d68cbac298d24777fb8e9dcec39f9966aa06b74a5
CERT-008,Leider Serrano,La pulgada como referente de medición: una unidad ausente en la escuela y presente en las prácticas de la ferretería,CERT-008_Leider_Serrano.pdf,fcc3660b174a6d501f2d74f868bcc3dc04d173f2184754575ee518000d7cc89f
CERT-009,Andrea Schoonewolff,La pulgada como referente de medición: una unidad ausente en la escuela y presente en las prácticas de la ferretería,CERT-009_Andrea_Schoonewolff.pdf,ddcfd208da05567f81ff0499beb23d12e47d011a0624a1737948b5f108cba97a
CERT-010,Armando Aroca Araujo,La pulgada como referente de medición: una unidad ausente en la escuela y presente en las prácticas de la ferretería,CERT-010_Armando_Aroca_Araujo.pdf,518c26439b87874fbb93584349e363bf4a4c0221f721f9a1f317154f65d54eb3
CERT-011,Stephany Tatis Sanchez,Entrelazando saberes: una mirada etnomatemática al arte de las trenzas africanas en el centro de Barranquilla,CERT-011_Stephany_Tatis_Sanchez.pdf,02c565a95e03441ba5f3a0cee3ae3a1d67dd4cae77715cc9f2ca4d131ca54941
CERT-012,Sheinshet Isila González Siosi,SIIRUMA: Tejiendo saberes y futuros desde la artesanía Wayuu y el Kit Pedagógico Cultural como estrategia de etnomatemática en la educación de la primera infancia,CERT-012_Sheinshet_Isila_Gonzlez_Siosi.pdf,d60fa59f4c842ed18de6c88538cbb622c551595a648342020ce02af1f2c40c1f
CERT-013,Francisco Javier Blanchar Añez,La Etnomatemática en la propuesta de formación integral de Colombia: Una revisión sistemática de la literatura,CERT-013_Francisco_Javier_Blanchar_Aez.pdf,29009b56413d41b19fdc7d2ba865da7f080e5860d27fd7e236552e7c58a62d47
CERT-014,"Salazar Acosta, Diana Carolina","Tejiendo hilos de saberes, en el arte de las Matemáticas",CERT-014_Diana_Carolina_Salazar_Acosta.pdf,278a79696dadae1a0184372a1def8182dbe28ee98a3258a217c9b6fc7b02c774
CERT-015,Claudia Alejandra Cely Rivera,Acercamiento a los saberes matemáticos presentes en la cestería tradicional de Boyacá desde Bishop,CERT-015_Claudia_Alejandra_Cely_Rivera.pdf,6880785a50e24d4f743dc5081c3d990cb26344c05c3b52023498bdf46faf5006
CERT-016,Silvia Juliana Chaparro Verdugo,Acercamiento a los saberes matemáticos presentes en la cestería tradicional de Boyacá desde Bishop,CERT-016_Silvia_Juliana_Chaparro_Verdugo.pdf,1b12051b1c1716f153c401c5fd80fb8cab976b620f0976d43383f8231cf7bda2
CERT-017,Clara Yaneth Puentes Cepeda,Acercamiento a los saberes matemáticos presentes en la cestería tradicional de Boyacá desde Bishop,CERT-017_Clara_Yaneth_Puentes_Cepeda.pdf,7cdfa2b210e0eb8ca3c386555c6ce9f4521b420b4bccc0e701e86960dbda3f66
CERT-018,Concha Zenith Salamanca,Acercamiento a los saberes matemáticos presentes en la cestería tradicional de Boyacá desde Bishop,CERT-018_Concha_Zenith_Salamanca.pdf,ecfc1a2d6c6c3f0bbb54d7eebf26cbce7be2f355aed1a9e7c6a280ceb5c0e1c5
CERT-019,Oscar Ferney Cubides Díaz,Posibilidades didácticas de la alpargata para la enseñanza de la topología desde la etnomatemática,CERT-019_Oscar_Ferney_Cubides_Daz.pdf,1099fa7d8d78797de55b1ffac08730c0510205b869ffa993fe5b3aed09424fe7
CERT-020,Concha Zenith Salamanca,Posibilidades didácticas de la alpargata para la enseñanza de la topología desde la etnomatemática,CERT-020_Concha_Zenith_Salamanca.pdf,92679bdf5732fcccac91fdcbbde0e5b8388ec0ef1f26419717a94b2d5abb01bb
CERT-021,Ana Elizabeth González,Posibilidades didácticas de la alpargata para la enseñanza de la topología desde la etnomatemática,CERT-021_Ana_Elizabeth_Gonzlez.pdf,489df7377eee6e3c69c20e1c7fd0c137d7bce12f97f113fba94a0925a9c93de0
CERT-022,Hollidays Bujato Castillo,El rostro como lienzo de una etnomatemática,CERT-022_Hollidays_Bujato_Castillo.pdf,ff9b6317636d1f81f0e7d4f659dfebb153e0264b3cac6e191b5cd87780e22777
CERT-023,Eliana Isabel Rocha Miranda,El rostro como lienzo de una etnomatemática,CERT-023_Eliana_Isabel_Rocha_Miranda.pdf,1fde317dad6fed0f473c75e02b25d52b2ab05ff222ed8786badf82d4bbaad19d
CERT-024,Armando Aroca Araujo,El rostro como lienzo de una etnomatemática,CERT-024_Armando_Aroca_Araujo.pdf,24668273566a8d310ddb7d72d97f584caf6e2803c246c7271a9bd07d51b7c228
CERT-025,Orlando Rafael Pérez Medina,La geometría de los kaanás: significados culturales y aprendizaje escolar de la geometría a partir de chinchorros y mochilas wayuu en el municipio de Uribia,CERT-025_Orlando_Rafael_Prez_Medina.pdf,c714ba8ab95111e34617b52647e234f17bd5861e85a716fcd2bd53dc9e72f075
CERT-026,María Mejía-palomino,La construcción del número natural: una experiencia de aula con futuros profesores indígenas,CERT-026_Mara_Meja_palomino.pdf,ea4538ed0ac09a6b3edc17375cb61888d779606e437e8bc79812d467e70e8eb8
CERT-027,Edinsson Fernández Mosquera,La construcción del número natural: una experiencia de aula con futuros profesores indígenas,CERT-027_Edinsson_Fernndez_Mosquera.pdf,94fe0aa55af3b06906c8aef4be31479012d916c9a6cf4ba3e66b256881d6c88a
CERT-028,Antonia Barrientos,probabilidad subjetiva desde una mirada etnomatemática,CERT-028_Antonia_Barrientos.pdf,b7397c85d4ad27fc5bebba52095967c76f5e4c1b4dc0ab88e1a7924c52b064cf
CERT-029,Javiera Benavides,probabilidad subjetiva desde una mirada etnomatemática,CERT-029_Javiera_Benavides.pdf,a4a7ed51f2e48de73e8a3affe0b96ba9135b77f5b4e5026b1ac269954215729e
CERT-030,Giselly Moya Gómez,"Las matemáticas en el bullerengue: Patrones, algoritmos y estructuras temporales en la tradición afrocolombiana",CERT-030_Giselly_Moya_Gmez.pdf,34a2c428a00f810f28093295cf6f4fd372688c979471f3e200e33e2edc8f4bed
CERT-031,Marta Lucia Diaz Posso,Narrativas docentes y posicionamiento racial en la clase de matemáticas: Un estudio desde la perspectiva socio crítica en instituciones educativas de contextos rurales y afrodescendientes,CERT-031_Marta_Lucia_Diaz_Posso.pdf,994604911afc613df9995e7f619efcd1d1c940007e270744744b894add88d330
CERT-032,Keinys Yulieth Mendoza Arteaga,Etnomatemática y prácticas alimentarias ancestrales: conexiones con la matemática en educación inicial,CERT-032_Keinys_Yulieth_Mendoza_Arteaga.pdf,01335c4dd665a42c5ff1946b56ab989a14e006363c7e95567f87edb23d1f615b
CERT-033,Mary Julieth Cuadrado Barliza,Etnomatemática y prácticas alimentarias ancestrales: conexiones con la matemática en educación inicial,CERT-033_Mary_Julieth_Cuadrado_Barliza.pdf,bf0531cc6a88ef861b7aa4386708471754d1c00a33b55834ebc6756ed03ea850
CERT-034,Mirdrelli Prieto Camacho,Etnomatemática y prácticas alimentarias ancestrales: conexiones con la matemática en educación inicial,CERT-034_Mirdrelli_Prieto_Camacho.pdf,923480554497eb749cf83148bd376607c907841e9ed160865a489ee386a68cf6
CERT-035,Mileynis Paola Suarez Medina,Juegos ancestrales Wayuu para el desarrollo del pensamiento matemático en etapa infantil: un enfoque etnomatemático,CERT-035_Mileynis_Paola_Suarez_Medina.pdf,b5854a45669b4e053b83888e6e0d203d330ff4b1d5853b568b0778f30a3638da
CERT-036,Susana Patricia Molina Pacheco,Juegos ancestrales Wayuu para el desarrollo del pensamiento matemático en etapa infantil: un enfoque etnomatemático,CERT-036_Susana_Patricia_Molina_Pacheco.pdf,afe87a85e4aca3d9186d52b110718cfdfe787fb5ffda609962dccb51817ad7d4
CERT-037,Katia Peña Benjumea,Juegos ancestrales Wayuu para el desarrollo del pensamiento matemático en etapa infantil: un enfoque etnomatemático,CERT-037_Katia_Pea_Benjumea.pdf,ad17456a0ddeb2a15a8055db8952c5fe49ae3333a43728d69d17201fef52111c
CERT-038,Valery Cabarcas Vasquez,La Etnomatemática presente en la elaboración y comercialización del raspao,CERT-038_Valery_Cabarcas_Vasquez.pdf,b904d4444030e3d96a6d53a91de6d9052f1f5927280b3e293b29411219f904d5
CERT-039,Ana Coronel Coronado,La Etnomatemática presente en la elaboración y comercialización del raspao,CERT-039_Ana_Coronel_Coronado.pdf,a4f2acfe3c8251a3d0d7f7bdb08e68d7c3df6fc672b87187b02f44064484ec46
CERT-040,Armando Aroca Araujo,La Etnomatemática presente en la elaboración y comercialización del raspao,CERT-040_Armando_Aroca_Araujo.pdf,50ad233dfdfeda148513e6f1f55aad19181d2015e7ddc675cbbe6cc9fc3f4f2f
CERT-041,Fabian Andrés Vásquez Oviedo,"Entre tarifas, rutas y tiempos: Etnomatemática en el sistema de transporte público urbano de Barranquilla",CERT-041_Fabian_Andrs_Vsquez_Oviedo.pdf,49c66a3aa7132ec16fc045e05a919e934783857ffe7ed4036914f03d0afa31ef
CERT-042,Jeffrey Suárez Bonilla,"Entre tarifas, rutas y tiempos: Etnomatemática en el sistema de transporte público urbano de Barranquilla",CERT-042_Jeffrey_Surez_Bonilla.pdf,b8d0a538aced476d0aa040d9badc02169e4e736eebca3917a1e8a2658e309772
CERT-043,Armando Aroca Araujo,"Entre tarifas, rutas y tiempos: Etnomatemática en el sistema de transporte público urbano de Barranquilla",CERT-043_Armando_Aroca_Araujo.pdf,d02f001edbac234bf741282a04ca33b2cf0a2b82447ad5f66e8c892fbad1dc0d
CERT-044,Gisseth Taboada Escorcia,Una mirada etnomatemática a las transacciones económicas de mercancías en Johnson,CERT-044_Gisseth_Taboada_Escorcia.pdf,1f4a4fdf94b3e89db0b150fa55dfa7e1166e20a702e9a0923535b5abbc658472
CERT-045,Rosa Linda Fabián,Una mirada etnomatemática a las transacciones económicas de mercancías en Johnson,CERT-045_Rosa_Linda_Fabin.pdf,8bda03cb7a68fc1d40d2f07cc59e59d7fc76be96bbdf7da2e65d9652252c3692
CERT-046,Armando Aroca,Una mirada etnomatemática a las transacciones económicas de mercancías en Johnson,CERT-046_Armando_Aroca_Araujo.pdf,704dc2fb9f4507c13209f6b4e3fbda7cf4c8dbddfbf2cf5dbbd9382206bd7482
CERT-047,Anthony Sebastian Bautista Quingalombo,Etnomodelación de la Gravedad: Experimentos Galileanos en el Contexto Andino de Quito,CERT-047_Anthony_Sebastian_Bautista_Quingalombo.pdf,8d11dbc47d72184bbbd3828a32d21f45326893f3447eb7cecfaafa9e59ee706d
CERT-048,Yurleysi Arboleda Caicedo,"La historia de las matemáticas en el pacífico colombiano: silencios, memorias y oportunidades pedagógicas",CERT-048_Yurleysi_Arboleda_Caicedo.pdf,174f3f41ac7bb3d6d205e74e4572dc0d246b7d11c65235c2aa6aafe84162b83f
CERT-049,Marta Lucia Díaz,"La historia de las matemáticas en el pacífico colombiano: silencios, memorias y oportunidades pedagógicas",CERT-049_Marta_Lucia_Daz.pdf,f6136379084a6fb8456cf4787c784763ab0fdac2262bf8ce3b3fe36daff72949
CERT-050,Cristian Javier Rincón Alarcón,"Prácticas matemáticas presentes en oficios y actividades culturales del municipio de Tutazá, Boyacá",CERT-050_Cristian_Javier_Rincn_Alarcn.pdf,ab2e69b1a5a172fa781c5ea45b5455211da4cea9f209173b4236f0130498d586
CERT-051,Clara Yaneth Puentes Cepeda,"Prácticas matemáticas presentes en oficios y actividades culturales del municipio de Tutazá, Boyacá",CERT-051_Clara_Yaneth_Puentes_Cepeda.pdf,dfe1cca18519a85553c8b9e0e9d4b12d374d7500ceb55ad68b1db32fdaf27270
CERT-052,Clara Emilse Rojas Morales,"Prácticas matemáticas presentes en oficios y actividades culturales del municipio de Tutazá, Boyacá",CERT-052_Clara_Emilse_Rojas_Morales.pdf,db3d920a55e2d3cd26cc495b7a99ee7294192e8f96c94842b656084b218a0dd5
CERT-053,Açucena Araújo Martins,Protagonismo estudiantil en la Educación rural: contribuciones de una secuencia de enseñanza interdisciplinaria para el diálogo con la Etnomatemática,CERT-053_Aucena_Arajo_Martins.pdf,256a7b81882b709d77a0b209c8db095982e8739ace3c04286966bde588af7ead
CERT-054,Cándida Álvarez Ojeda,Kanasü matemático representación y tejido geométrico visual de la naturaleza,CERT-054_Cndida_lvarez_Ojeda.pdf,4766c14f2f10422b804c4e92ffdb0d340673f440004e761bfd7e5360eb03e13f
CERT-055,Diego Lis Cruz,"Etnomatemática: estrategias discursivas desde la educación propia y la occidental, se observa una diferencia",CERT-055_Diego_Lis_Cruz.pdf,b0d246cac6335af0add5a493b54f3c5f6a9513718f7ee3a8833c863d2f3eb4a7
CERT-056,Kattherine Florez Polo,Entre globos y decoraciones de fiestas: una mirada desde la etnomatemática,CERT-056_Kattherine_Florez_Polo.pdf,0c6e60088369bc45d41692d3be3aa6add4f54b59371b990717c94989d4be1929
CERT-057,Juan Andrés Rodríguez Colina,Entre globos y decoraciones de fiestas: una mirada desde la etnomatemática,CERT-057_Juan_Andrs_Rodrguez_Colina.pdf,a1bd1bbcaf29c94740d1cfa16463c4c23b4fd42cadb97109eff2297795be5c79
CERT-058,Armando Aroca Araujo,Entre globos y decoraciones de fiestas: una mirada desde la etnomatemática,CERT-058_Armando_Aroca_Araujo.pdf,496fde2a0e33aa6dfeda0caeec4d9376458dd709f6967055f18fe76ec0c2c420
CERT-059,Yurleysi Arboleda Caicedo,Decolonialidad e Insubordinación Creativa: Hacia una matemática por la Paz desde la Formación Docente,CERT-059_Yurleysi_Arboleda_Caicedo.pdf,0eba4a179ff6289e2882eda3d129180962ea5639b7181b2ca858c2fda42ea6e7
CERT-060,Oscar Fabian Chaparro Velásquez,La fabricación artesanal de balones de Monguí como contexto para la comprensión de la función lineal,CERT-060_Oscar_Fabian_Chaparro_Velsquez.pdf,4ac9f848e1f6c58ba966add3ce3d9f268d32133ff53a2ee13f01c41be0d39392
CERT-061,Ana Elizabeth González González,La fabricación artesanal de balones de Monguí como contexto para la comprensión de la función lineal,CERT-061_Ana_Elizabeth_Gonzlez_Gonzlez.pdf,1d7ee297354608119654353e1c3b93721841cd652945b74d9c6a15f2c9a9a452
CERT-062,Leonardo Favio Berrocal Orozco,La vestimenta wayúu: un análisis de patrones y formas geométricas por los estudiantes de grado quinto,CERT-062_Leonardo_Favio_Berrocal_Orozco.pdf,b6d635277cc413d256b679440f3dd75a5408e78629030f1615642ef12b5eb8ef
CERT-063,Carlos Fernández Quiñones,La vestimenta wayúu: un análisis de patrones y formas geométricas por los estudiantes de grado quinto,CERT-063_Carlos_Fernndez_Quiones.pdf,e307532c3fdb298398dca45670c11cd6075134cce391a8c6231ccafe2b1d6d8e
CERT-064,Kilian De Jesus Pushaina Girnu,"Hilos del pensamiento wayuu, tejiendo Saberes desde la cosmovisión y la Tradición wayuu: una mirada desde los Desafíos en la enseñanza de las Matemáticas y sistema numérico de la Comunidad kutpion",CERT-064_Kilian_De_Jesus_Pushaina_Girnu.pdf,b3fa3bd4d143aa0032c1aae545c3e333df3dfc153071c12337a3e91d82dbfdeb
CERT-065,Esther Daniela Hernández Martínez,"Hilos del pensamiento wayuu, tejiendo Saberes desde la cosmovisión y la Tradición wayuu: una mirada desde los Desafíos en la enseñanza de las Matemáticas y sistema numérico de la Comunidad kutpion",CERT-065_Esther_Daniela_Hernndez_Martnez.pdf,44a3175aaa66961fa865be772a8e0470985c3d9978c11bd780d6f957a470e196
CERT-066,Juan Ignacio Hernández Vázquez,El cuerpo humano como unidad de medida en la recolección de leña. Uso de unidades e instrumentos de medición desde la cosmovisión náhua y su estudio mediante el diseño de proyectos comunitarios de investigación etnomatemática,CERT-066_Juan_Ignacio_Hernndez_Vzquez.pdf,ed4d492476bda2c8e2c253c0d43d7ea26ff3cf806f8b9fe3ba2d09792e0d86ae
