codigo_certificado,nombre,titulo_ponencia,archivo,drive_id,enlace
CERT-001,José Gabriel López Pantoja,Experiencia de aula significativa en Etnomatemática: una ruta metodológica aplicada para el diálogo de saberes en los resguardos indígenas de Mueses y Mallama,CERT-001_Jos_Gabriel_Lpez_Pantoja.pdf,1OQK2CXkcPUjgMDKbQsQK6t--om29-igp,https://drive.google.com/file/d/1OQK2CXkcPUjgMDKbQsQK6t--om29-igp/view
CERT-002,Adriana Rubiela Charfuelán Mueses,Experiencia de aula significativa en Etnomatemática: una ruta metodológica aplicada para el diálogo de saberes en los resguardos indígenas de Mueses y Mallama,CERT-002_Adriana_Rubiela_Charfueln_Mueses.pdf,1P37cfKOPdZv9oZ3JQJpPCuNoHhnr-Z64,https://drive.google.com/file/d/1P37cfKOPdZv9oZ3JQJpPCuNoHhnr-Z64/view
CERT-003,Açucena Araújo Martins,La contextualización de la enseñanza en la Educación Matemática: una categoría emergente de las justificaciones docentes para la práctica interdisciplinaria,CERT-003_Aucena_Arajo_Martins.pdf,1WV91kaBzRD1TE2tCeMQSBTKleFVpVi2d,https://drive.google.com/file/d/1WV91kaBzRD1TE2tCeMQSBTKleFVpVi2d/view
CERT-004,Eduardo Silva Palmeira,La contextualización de la enseñanza en la Educación Matemática: una categoría emergente de las justificaciones docentes para la práctica interdisciplinaria,CERT-004_Eduardo_Silva_Palmeira.pdf,13cHe6NRH-5OWwxydagDx12TZthBbp3pi,https://drive.google.com/file/d/13cHe6NRH-5OWwxydagDx12TZthBbp3pi/view
CERT-005,Douglas Alves Pimentel,La contextualización de la enseñanza en la Educación Matemática: una categoría emergente de las justificaciones docentes para la práctica interdisciplinaria,CERT-005_Douglas_Alves_Pimentel.pdf,1Mc5PXQbBAJk3HE7QERJ7GyFCweM9l2_g,https://drive.google.com/file/d/1Mc5PXQbBAJk3HE7QERJ7GyFCweM9l2_g/view
CERT-006,Raiane Sena de Souza,La contextualización de la enseñanza en la Educación Matemática: una categoría emergente de las justificaciones docentes para la práctica interdisciplinaria,CERT-006_Raiane_Sena_de_Souza.pdf,1yeQQHCAMw-D6tMA6DI54VdNGuP4-2WUh,https://drive.google.com/file/d/1yeQQHCAMw-D6tMA6DI54VdNGuP4-2WUh/view
CERT-007,Yurleysi Arboleda Caicedo,Dimensiones de la Etnomatemática y la formación futuros de docentes de matemáticas: una propuesta de reconfiguración epistemológica del saber matemático en futuros docentes de matemáticas,CERT-007_Yurleysi_Arboleda_Caicedo.pdf,1rCkposgfG5MT2efNY5gz4hcQ57S4J7Qh,https://drive.google.com/file/d/1rCkposgfG5MT2efNY5gz4hcQ57S4J7Qh/view
CERT-008,Leider Serrano,La pulgada como referente de medición: una unidad ausente en la escuela y presente en las prácticas de la ferretería,CERT-008_Leider_Serrano.pdf,1AO0dNiHth1PWpdmewZ9JaLD3_l-OHrbh,https://drive.google.com/file/d/1AO0dNiHth1PWpdmewZ9JaLD3_l-OHrbh/view
CERT-009,Andrea Schoonewolff,La pulgada como referente de medición: una unidad ausente en la escuela y presente en las prácticas de la ferretería,CERT-009_Andrea_Schoonewolff.pdf,17MU5dOmb6AOhc4OHargBDzZjJAHICWUB,https://drive.google.com/file/d/17MU5dOmb6AOhc4OHargBDzZjJAHICWUB/view
CERT-010,Armando Aroca Araujo,La pulgada como referente de medición: una unidad ausente en la escuela y presente en las prácticas de la ferretería,CERT-010_Armando_Aroca_Araujo.pdf,1qGYlMeC-kAKJ56y2VIIJj8WN2U86pDBO,https://drive.google.com/file/d/1qGYlMeC-kAKJ56y2VIIJj8WN2U86pDBO/view
CERT-011,Stephany Tatis Sanchez,Entrelazando saberes: una mirada etnomatemática al arte de las trenzas africanas en el centro de Barranquilla,CERT-011_Stephany_Tatis_Sanchez.pdf,1WZRC5tD5XLljijztPQFlqLD2ErJ5cmfD,https://drive.google.com/file/d/1WZRC5tD5XLljijztPQFlqLD2ErJ5cmfD/view
CERT-012,Sheinshet Isila González Siosi,SIIRUMA: Tejiendo saberes y futuros desde la artesanía Wayuu y el Kit Pedagógico Cultural como estrategia de etnomatemática en la educación de la primera infancia,CERT-012_Sheinshet_Isila_Gonzlez_Siosi.pdf,1wXiJEnUrNWvsGmqUQ1kL2h_GuE5u6dFf,https://drive.google.com/file/d/1wXiJEnUrNWvsGmqUQ1kL2h_GuE5u6dFf/view
CERT-013,Francisco Javier Blanchar Añez,La Etnomatemática en la propuesta de formación integral de Colombia: Una revisión sistemática de la literatura,CERT-013_Francisco_Javier_Blanchar_Aez.pdf,1btaJJKWKphL0gbk8ctyvyTJToF5KbQsx,https://drive.google.com/file/d/1btaJJKWKphL0gbk8ctyvyTJToF5KbQsx/view
CERT-014,"Salazar Acosta, Diana Carolina","Tejiendo hilos de saberes, en el arte de las Matemáticas",CERT-014_Diana_Carolina_Salazar_Acosta.pdf,1GKkK0q7529EFW-sTSYwslMdvOO_vKAiF,https://drive.google.com/file/d/1GKkK0q7529EFW-sTSYwslMdvOO_vKAiF/view
CERT-015,Claudia Alejandra Cely Rivera,Acercamiento a los saberes matemáticos presentes en la cestería tradicional de Boyacá desde Bishop,CERT-015_Claudia_Alejandra_Cely_Rivera.pdf,1Hwu_AYNMw2yPdkljO6gtMVS1TZdRgaHM,https://drive.google.com/file/d/1Hwu_AYNMw2yPdkljO6gtMVS1TZdRgaHM/view
CERT-016,Silvia Juliana Chaparro Verdugo,Acercamiento a los saberes matemáticos presentes en la cestería tradicional de Boyacá desde Bishop,CERT-016_Silvia_Juliana_Chaparro_Verdugo.pdf,1EnqiUfCihzZYLqN9kI1q8kR5FXFUBMVb,https://drive.google.com/file/d/1EnqiUfCihzZYLqN9kI1q8kR5FXFUBMVb/view
CERT-017,Clara Yaneth Puentes Cepeda,Acercamiento a los saberes matemáticos presentes en la cestería tradicional de Boyacá desde Bishop,CERT-017_Clara_Yaneth_Puentes_Cepeda.pdf,1q8aHzP7bu20OwqrY4R0bYjUhz0Vi9o1E,https://drive.google.com/file/d/1q8aHzP7bu20OwqrY4R0bYjUhz0Vi9o1E/view
CERT-018,Concha Zenith Salamanca,Acercamiento a los saberes matemáticos presentes en la cestería tradicional de Boyacá desde Bishop,CERT-018_Concha_Zenith_Salamanca.pdf,1BkwiyT5w1aP9HdpGXfvhfuLBhI9yPqm7,https://drive.google.com/file/d/1BkwiyT5w1aP9HdpGXfvhfuLBhI9yPqm7/view
CERT-019,Oscar Ferney Cubides Díaz,Posibilidades didácticas de la alpargata para la enseñanza de la topología desde la etnomatemática,CERT-019_Oscar_Ferney_Cubides_Daz.pdf,1j_3KsR20UDXg7MytlW84367hY0WzBCFG,https://drive.google.com/file/d/1j_3KsR20UDXg7MytlW84367hY0WzBCFG/view
CERT-020,Concha Zenith Salamanca,Posibilidades didácticas de la alpargata para la enseñanza de la topología desde la etnomatemática,CERT-020_Concha_Zenith_Salamanca.pdf,17QzgTVVfinNhDidjVYzgf86VcBPBoxJh,https://drive.google.com/file/d/17QzgTVVfinNhDidjVYzgf86VcBPBoxJh/view
CERT-021,Ana Elizabeth González,Posibilidades didácticas de la alpargata para la enseñanza de la topología desde la etnomatemática,CERT-021_Ana_Elizabeth_Gonzlez.pdf,1zFKGr4nkvvfaKapkZFM2x6SbZKfaS-Pr,https://drive.google.com/file/d/1zFKGr4nkvvfaKapkZFM2x6SbZKfaS-Pr/view
CERT-022,Hollidays Bujato Castillo,El rostro como lienzo de una etnomatemática,CERT-022_Hollidays_Bujato_Castillo.pdf,1JWo6VqdjdJHjqs5E2cMQ6hiFXmmwipgU,https://drive.google.com/file/d/1JWo6VqdjdJHjqs5E2cMQ6hiFXmmwipgU/view
CERT-023,Eliana Isabel Rocha Miranda,El rostro como lienzo de una etnomatemática,CERT-023_Eliana_Isabel_Rocha_Miranda.pdf,11RCsPiGeMa4zfxMkCq8F6tMXO-kDl9QB,https://drive.google.com/file/d/11RCsPiGeMa4zfxMkCq8F6tMXO-kDl9QB/view
CERT-024,Armando Aroca Araujo,El rostro como lienzo de una etnomatemática,CERT-024_Armando_Aroca_Araujo.pdf,1DjXlij0XYyQpKLq54McB7I6tJy3du7BE,https://drive.google.com/file/d/1DjXlij0XYyQpKLq54McB7I6tJy3du7BE/view
CERT-025,Orlando Rafael Pérez Medina,La geometría de los kaanás: significados culturales y aprendizaje escolar de la geometría a partir de chinchorros y mochilas wayuu en el municipio de Uribia,CERT-025_Orlando_Rafael_Prez_Medina.pdf,1RusktncWaw8M9XgxyS0tu_qMxiWCNxhl,https://drive.google.com/file/d/1RusktncWaw8M9XgxyS0tu_qMxiWCNxhl/view
CERT-026,María Mejía-palomino,La construcción del número natural: una experiencia de aula con futuros profesores indígenas,CERT-026_Mara_Meja_palomino.pdf,1qSVIKuL7H3CLcL9eUOkKPZbAzCVmJcDP,https://drive.google.com/file/d/1qSVIKuL7H3CLcL9eUOkKPZbAzCVmJcDP/view
CERT-027,Edinsson Fernández Mosquera,La construcción del número natural: una experiencia de aula con futuros profesores indígenas,CERT-027_Edinsson_Fernndez_Mosquera.pdf,1hF5VOX5htHfAc8iCZArNC9tqFLUdPbNg,https://drive.google.com/file/d/1hF5VOX5htHfAc8iCZArNC9tqFLUdPbNg/view
CERT-028,Antonia Barrientos,probabilidad subjetiva desde una mirada etnomatemática,CERT-028_Antonia_Barrientos.pdf,1bikn9q4YWIv0FTa3yP5CMGk7AvElZ5hx,https://drive.google.com/file/d/1bikn9q4YWIv0FTa3yP5CMGk7AvElZ5hx/view
CERT-029,Javiera Benavides,probabilidad subjetiva desde una mirada etnomatemática,CERT-029_Javiera_Benavides.pdf,1hsranSmT2zzgfjtLFkI-oNpvmuw4Hidr,https://drive.google.com/file/d/1hsranSmT2zzgfjtLFkI-oNpvmuw4Hidr/view
CERT-030,Giselly Moya Gómez,"Las matemáticas en el bullerengue: Patrones, algoritmos y estructuras temporales en la tradición afrocolombiana",CERT-030_Giselly_Moya_Gmez.pdf,1u8J-SVJxelqTqziiVJXyEw6yjdjnW1p4,https://drive.google.com/file/d/1u8J-SVJxelqTqziiVJXyEw6yjdjnW1p4/view
CERT-031,Marta Lucia Diaz Posso,Narrativas docentes y posicionamiento racial en la clase de matemáticas: Un estudio desde la perspectiva socio crítica en instituciones educativas de contextos rurales y afrodescendientes,CERT-031_Marta_Lucia_Diaz_Posso.pdf,1vk1LUyRtHbsvD5Xy6xweDQe1A8D9ngbJ,https://drive.google.com/file/d/1vk1LUyRtHbsvD5Xy6xweDQe1A8D9ngbJ/view
CERT-032,Keinys Yulieth Mendoza Arteaga,Etnomatemática y prácticas alimentarias ancestrales: conexiones con la matemática en educación inicial,CERT-032_Keinys_Yulieth_Mendoza_Arteaga.pdf,1K8ycAJZJgrpeIJ90Y42AKQujgxYixwIE,https://drive.google.com/file/d/1K8ycAJZJgrpeIJ90Y42AKQujgxYixwIE/view
CERT-033,Mary Julieth Cuadrado Barliza,Etnomatemática y prácticas alimentarias ancestrales: conexiones con la matemática en educación inicial,CERT-033_Mary_Julieth_Cuadrado_Barliza.pdf,1IcnvMhtioxJQTpYvGredQ35-PjJKPVcB,https://drive.google.com/file/d/1IcnvMhtioxJQTpYvGredQ35-PjJKPVcB/view
CERT-034,Mirdrelli Prieto Camacho,Etnomatemática y prácticas alimentarias ancestrales: conexiones con la matemática en educación inicial,CERT-034_Mirdrelli_Prieto_Camacho.pdf,1UOCedntSnajfaAlG7cimWNx3U30rB94G,https://drive.google.com/file/d/1UOCedntSnajfaAlG7cimWNx3U30rB94G/view
CERT-035,Mileynis Paola Suarez Medina,Juegos ancestrales Wayuu para el desarrollo del pensamiento matemático en etapa infantil: un enfoque etnomatemático,CERT-035_Mileynis_Paola_Suarez_Medina.pdf,1_HzUp7asb1KuWK6RKyBThMXi1XJ5gk1Z,https://drive.google.com/file/d/1_HzUp7asb1KuWK6RKyBThMXi1XJ5gk1Z/view
CERT-036,Susana Patricia Molina Pacheco,Juegos ancestrales Wayuu para el desarrollo del pensamiento matemático en etapa infantil: un enfoque etnomatemático,CERT-036_Susana_Patricia_Molina_Pacheco.pdf,1syXZOpxdV8FzPW_6U9Y0peOKOqXFS2QX,https://drive.google.com/file/d/1syXZOpxdV8FzPW_6U9Y0peOKOqXFS2QX/view
CERT-037,Katia Peña Benjumea,Juegos ancestrales Wayuu para el desarrollo del pensamiento matemático en etapa infantil: un enfoque etnomatemático,CERT-037_Katia_Pea_Benjumea.pdf,1TLctTAtlJObPRzUL6ELBHDQySJNyv1xv,https://drive.google.com/file/d/1TLctTAtlJObPRzUL6ELBHDQySJNyv1xv/view
CERT-038,Valery Cabarcas Vasquez,La Etnomatemática presente en la elaboración y comercialización del raspao,CERT-038_Valery_Cabarcas_Vasquez.pdf,19_zMjsmDIVzjPwHr8ftFht0Yeua-USqM,https://drive.google.com/file/d/19_zMjsmDIVzjPwHr8ftFht0Yeua-USqM/view
CERT-039,Ana Coronel Coronado,La Etnomatemática presente en la elaboración y comercialización del raspao,CERT-039_Ana_Coronel_Coronado.pdf,1_NloPFzrsJvjyBDoDcTo7QZe9bAHSI_y,https://drive.google.com/file/d/1_NloPFzrsJvjyBDoDcTo7QZe9bAHSI_y/view
CERT-040,Armando Aroca Araujo,La Etnomatemática presente en la elaboración y comercialización del raspao,CERT-040_Armando_Aroca_Araujo.pdf,1MfRfPQmTGpf5WUvobEOCoo0kK6DfC7bD,https://drive.google.com/file/d/1MfRfPQmTGpf5WUvobEOCoo0kK6DfC7bD/view
CERT-041,Fabian Andrés Vásquez Oviedo,"Entre tarifas, rutas y tiempos: Etnomatemática en el sistema de transporte público urbano de Barranquilla",CERT-041_Fabian_Andrs_Vsquez_Oviedo.pdf,1s5uR3ws2RoGkZcSOUX0Mg_qtZlDmlkEd,https://drive.google.com/file/d/1s5uR3ws2RoGkZcSOUX0Mg_qtZlDmlkEd/view
CERT-042,Jeffrey Suárez Bonilla,"Entre tarifas, rutas y tiempos: Etnomatemática en el sistema de transporte público urbano de Barranquilla",CERT-042_Jeffrey_Surez_Bonilla.pdf,14nm0gv778URbziTR-oJOcHfN_2Y2JTWh,https://drive.google.com/file/d/14nm0gv778URbziTR-oJOcHfN_2Y2JTWh/view
CERT-043,Armando Aroca Araujo,"Entre tarifas, rutas y tiempos: Etnomatemática en el sistema de transporte público urbano de Barranquilla",CERT-043_Armando_Aroca_Araujo.pdf,1FLEE_ShOKPrCEukkILTwCnucdg91edJp,https://drive.google.com/file/d/1FLEE_ShOKPrCEukkILTwCnucdg91edJp/view
CERT-044,Gisseth Taboada Escorcia,Una mirada etnomatemática a las transacciones económicas de mercancías en Johnson,CERT-044_Gisseth_Taboada_Escorcia.pdf,1r3gFK7TLVIaQMYTY1zNb7RJ52G4jUCya,https://drive.google.com/file/d/1r3gFK7TLVIaQMYTY1zNb7RJ52G4jUCya/view
CERT-045,Rosa Linda Fabián,Una mirada etnomatemática a las transacciones económicas de mercancías en Johnson,CERT-045_Rosa_Linda_Fabin.pdf,1TvpgT3ejtgrpFpf0kwbPKdfXitvOu1pw,https://drive.google.com/file/d/1TvpgT3ejtgrpFpf0kwbPKdfXitvOu1pw/view
CERT-046,Armando Aroca,Una mirada etnomatemática a las transacciones económicas de mercancías en Johnson,CERT-046_Armando_Aroca_Araujo.pdf,1A4oBxUlAXavWVIZf1h4FBSOM5IHe2NrA,https://drive.google.com/file/d/1A4oBxUlAXavWVIZf1h4FBSOM5IHe2NrA/view
CERT-047,Anthony Sebastian Bautista Quingalombo,Etnomodelación de la Gravedad: Experimentos Galileanos en el Contexto Andino de Quito,CERT-047_Anthony_Sebastian_Bautista_Quingalombo.pdf,1qy6NP5HfHMjgjVb45-mEGLvQBQhkbo14,https://drive.google.com/file/d/1qy6NP5HfHMjgjVb45-mEGLvQBQhkbo14/view
CERT-048,Yurleysi Arboleda Caicedo,"La historia de las matemáticas en el pacífico colombiano: silencios, memorias y oportunidades pedagógicas",CERT-048_Yurleysi_Arboleda_Caicedo.pdf,1xoAQIBk97Fuh1J1N8HjPRddDJVoqnxO4,https://drive.google.com/file/d/1xoAQIBk97Fuh1J1N8HjPRddDJVoqnxO4/view
CERT-049,Marta Lucia Díaz,"La historia de las matemáticas en el pacífico colombiano: silencios, memorias y oportunidades pedagógicas",CERT-049_Marta_Lucia_Daz.pdf,1YM55EQEj9YFfTeoi8--Rf_yqV3ENuYwJ,https://drive.google.com/file/d/1YM55EQEj9YFfTeoi8--Rf_yqV3ENuYwJ/view
CERT-050,Cristian Javier Rincón Alarcón,"Prácticas matemáticas presentes en oficios y actividades culturales del municipio de Tutazá, Boyacá",CERT-050_Cristian_Javier_Rincn_Alarcn.pdf,1MPZtp3imFTF8ERvNEmcujS1F7cfQejBN,https://drive.google.com/file/d/1MPZtp3imFTF8ERvNEmcujS1F7cfQejBN/view
CERT-051,Clara Yaneth Puentes Cepeda,"Prácticas matemáticas presentes en oficios y actividades culturales del municipio de Tutazá, Boyacá",CERT-051_Clara_Yaneth_Puentes_Cepeda.pdf,1YDmBbI3CDty5pcTC6LuSvbBiXBDciQJJ,https://drive.google.com/file/d/1YDmBbI3CDty5pcTC6LuSvbBiXBDciQJJ/view
CERT-052,Clara Emilse Rojas Morales,"Prácticas matemáticas presentes en oficios y actividades culturales del municipio de Tutazá, Boyacá",CERT-052_Clara_Emilse_Rojas_Morales.pdf,1b8M5-4XbQMI4oYdYmSZWf2gqXMliOeCm,https://drive.google.com/file/d/1b8M5-4XbQMI4oYdYmSZWf2gqXMliOeCm/view
CERT-053,Açucena Araújo Martins,Protagonismo estudiantil en la Educación rural: contribuciones de una secuencia de enseñanza interdisciplinaria para el diálogo con la Etnomatemática,CERT-053_Aucena_Arajo_Martins.pdf,171ngGFqFmX8kWVlWaa9EIe5mRJadBlua,https://drive.google.com/file/d/171ngGFqFmX8kWVlWaa9EIe5mRJadBlua/view
CERT-054,Cándida Álvarez Ojeda,Kanasü matemático representación y tejido geométrico visual de la naturaleza,CERT-054_Cndida_lvarez_Ojeda.pdf,1mrl9JH9HrfuPZpeZXO-_vUcIFN4Tn46L,https://drive.google.com/file/d/1mrl9JH9HrfuPZpeZXO-_vUcIFN4Tn46L/view
CERT-055,Diego Lis Cruz,"Etnomatemática: estrategias discursivas desde la educación propia y la occidental, se observa una diferencia",CERT-055_Diego_Lis_Cruz.pdf,1VjI9M2qx98WXGo8L9zxvm_Hu-Ib2ZVlo,https://drive.google.com/file/d/1VjI9M2qx98WXGo8L9zxvm_Hu-Ib2ZVlo/view
CERT-056,Kattherine Florez Polo,Entre globos y decoraciones de fiestas: una mirada desde la etnomatemática,CERT-056_Kattherine_Florez_Polo.pdf,1SikL2c38_ARyZCCXlrLGP6yOwLVTNP1D,https://drive.google.com/file/d/1SikL2c38_ARyZCCXlrLGP6yOwLVTNP1D/view
CERT-057,Juan Andrés Rodríguez Colina,Entre globos y decoraciones de fiestas: una mirada desde la etnomatemática,CERT-057_Juan_Andrs_Rodrguez_Colina.pdf,1d1W6IU7p294UOQ-MrFxPqqk_2ekN7LVw,https://drive.google.com/file/d/1d1W6IU7p294UOQ-MrFxPqqk_2ekN7LVw/view
CERT-058,Armando Aroca Araujo,Entre globos y decoraciones de fiestas: una mirada desde la etnomatemática,CERT-058_Armando_Aroca_Araujo.pdf,1kvxeiLHNADlTr2bXWFoJ4IGGx18vcczY,https://drive.google.com/file/d/1kvxeiLHNADlTr2bXWFoJ4IGGx18vcczY/view
CERT-059,Yurleysi Arboleda Caicedo,Decolonialidad e Insubordinación Creativa: Hacia una matemática por la Paz desde la Formación Docente,CERT-059_Yurleysi_Arboleda_Caicedo.pdf,1XShF8JiN3VoZeMwfVCV9PK9Rcn2vEuft,https://drive.google.com/file/d/1XShF8JiN3VoZeMwfVCV9PK9Rcn2vEuft/view
CERT-060,Oscar Fabian Chaparro Velásquez,La fabricación artesanal de balones de Monguí como contexto para la comprensión de la función lineal,CERT-060_Oscar_Fabian_Chaparro_Velsquez.pdf,1Bub9JcpzEFLwNvHJNjeui65dNfRHJ_39,https://drive.google.com/file/d/1Bub9JcpzEFLwNvHJNjeui65dNfRHJ_39/view
CERT-061,Ana Elizabeth González González,La fabricación artesanal de balones de Monguí como contexto para la comprensión de la función lineal,CERT-061_Ana_Elizabeth_Gonzlez_Gonzlez.pdf,1cUew5bs1gP-vEbo3GiU-L6isYnNV8e23,https://drive.google.com/file/d/1cUew5bs1gP-vEbo3GiU-L6isYnNV8e23/view
CERT-062,Leonardo Favio Berrocal Orozco,La vestimenta wayúu: un análisis de patrones y formas geométricas por los estudiantes de grado quinto,CERT-062_Leonardo_Favio_Berrocal_Orozco.pdf,1MKvhBp9Y2UcrN8Dywmzdw67Xf6AdoKHT,https://drive.google.com/file/d/1MKvhBp9Y2UcrN8Dywmzdw67Xf6AdoKHT/view
CERT-063,Carlos Fernández Quiñones,La vestimenta wayúu: un análisis de patrones y formas geométricas por los estudiantes de grado quinto,CERT-063_Carlos_Fernndez_Quiones.pdf,1maXiqRaQPK4i3HWSbY9yyyUPa6s38-Mm,https://drive.google.com/file/d/1maXiqRaQPK4i3HWSbY9yyyUPa6s38-Mm/view
CERT-064,Kilian De Jesus Pushaina Girnu,"Hilos del pensamiento wayuu, tejiendo Saberes desde la cosmovisión y la Tradición wayuu: una mirada desde los Desafíos en la enseñanza de las Matemáticas y sistema numérico de la Comunidad kutpion",CERT-064_Kilian_De_Jesus_Pushaina_Girnu.pdf,1J8PXtBA3JqBAWA_oZu0sMRVUcLRNIi0k,https://drive.google.com/file/d/1J8PXtBA3JqBAWA_oZu0sMRVUcLRNIi0k/view
CERT-065,Esther Daniela Hernández Martínez,"Hilos del pensamiento wayuu, tejiendo Saberes desde la cosmovisión y la Tradición wayuu: una mirada desde los Desafíos en la enseñanza de las Matemáticas y sistema numérico de la Comunidad kutpion",CERT-065_Esther_Daniela_Hernndez_Martnez.pdf,18dXFDAm8Ew9kPPx7u-X0U8O-YLd-Lfm5,https://drive.google.com/file/d/18dXFDAm8Ew9kPPx7u-X0U8O-YLd-Lfm5/view
CERT-066,Juan Ignacio Hernández Vázquez,El cuerpo humano como unidad de medida en la recolección de leña. Uso de unidades e instrumentos de medición desde la cosmovisión náhua y su estudio mediante el diseño de proyectos comunitarios de investigación etnomatemática,CERT-066_Juan_Ignacio_Hernndez_Vzquez.pdf,1qtGwpNP-UnDiF0sJmSGQCcmciTH0KrLz,https://drive.google.com/file/d/1qtGwpNP-UnDiF0sJmSGQCcmciTH0KrLz/view
